11542	2	8	5	0
11540	55	76	103	2
11541	25	29	39	1
11547	94	190	292	15
11544	449	669	1000	39
11545	32	56	73	3
11548	165	246	314	4
11549	321	477	686	19
344	15470	15273	18250	320
345	11383	11303	13996	259
346	110444	105598	123498	2268
347	34633	33174	38304	712
340	40468	38743	44718	803
341	33686	32100	37394	694
342	37365	36050	41593	803
343	11992	11462	13335	265
348	37362	35812	42071	758
349	29331	27423	31795	560
12709	2	1	3	0
3236	1	0	0	0
298	44148	47288	58749	1085
296	8338	10451	15305	334
297	4585	5832	8857	208
294	6124	7851	11830	247
295	24443	29451	40863	813
293	75197	80282	97299	1823
290	14278	16533	21832	400
291	2599	2602	3126	61
278	234	310	395	7
279	43425	46085	59151	1087
9638	34424	31135	31840	602
9321	29	23	24	2
22879	35474	31067	23621	679
2638	50937	50192	56336	1033
5407	90751	87794	102024	1803
1437	6046	7049	10327	238
5405	130164	124672	144518	2583
1435	9	2	5	0
27506	1	1	0	0
5182	6295	6080	7630	122
5183	96841	92541	109565	1992
3205	59	87	92	0
5181	11016	10639	11671	217
1995	9	9	28	1
5187	68374	64587	65317	1243
5184	32756	34359	39724	674
3200	643	709	759	24
1999	100	107	135	2
1998	29	37	62	0
5188	9747	7733	8888	112
5189	3358	1912	2434	25
3209	29	50	40	0
3208	9	16	12	0
27508	7	5	17	0
14712	7	13	15	0
14714	1	0	1	0
1438	222058	211317	203437	3717
14716	4	8	15	0
14717	1	0	0	0
5408	55655	52490	59759	1055
1365	19	24	17	1
5450	11237	13164	17521	365
5451	23672	26053	33028	635
5452	25359	27068	34433	661
5453	30535	33545	42352	786
5454	67131	68675	84465	1529
5455	35525	37701	48790	926
511	100	153	135	3
1287	624	731	886	12
1281	11904	12119	19014	299
1280	18663	19740	23352	450
1283	13328	13593	21892	338
1282	20748	21196	25656	514
1289	7213	6938	7902	153
1288	241	227	376	6
516	28	32	24	1
459	7	5	10	0
12833	10	14	26	0
12832	5	2	7	0
12830	10	4	13	1
12837	46	84	108	4
12836	24	21	23	0
12835	8	10	9	0
12834	10	12	18	1
23613	487	422	531	7
23612	158	171	239	5
12839	18	30	33	1
12838	87	133	136	3
23616	386	295	247	11
23615	1946	1595	2078	45
23614	502	129	135	2
407	432	818	1698	60
1340	288	516	609	26
405	265	476	641	21
404	196	342	535	16
403	1124	1951	3189	109
402	125	139	115	2
401	193	224	278	3
23298	11546	9762	14031	260
23295	2948	2592	3745	57
23291	1549	1279	1851	23
23290	2034	1764	2444	48
23477	3023	2689	3566	59
23476	7669	6377	9185	124
23475	4749	4103	5811	96
23474	4164	3474	4841	93
1344	57	100	87	5
23479	5009	4224	6122	110
23478	7067	6196	11479	163
23274	1117	1074	1592	26
1346	571	959	1591	50
457	3	8	7	0
379	326	230	277	2
378	54598	52550	62895	1079
371	321	251	310	7
373	12377	11262	13022	226
372	177	116	90	1
375	18879	18036	21024	368
374	19071	18142	21269	380
377	35073	32375	37804	704
376	40249	38188	44579	825
5107	4	2	1	0
393	6014	5004	4259	68
392	8655	6823	6083	96
391	103060	95953	111486	1964
390	56656	53037	61852	1203
397	87	125	164	6
396	69464	65146	77069	1403
12714	1	2	0	1
12715	67	104	161	1
399	86	105	186	2
398	117	151	147	2
244	436	532	550	10
247	1329	1585	1361	38
246	194	218	272	5
241	3382	3525	3505	63
240	1696	1493	1452	20
243	1263	1396	1693	29
242	29	28	17	2
249	291	308	275	5
248	918	916	980	17
9241	138082	131112	130871	2348
9240	27296	29746	36683	602
13448	512	447	318	11
13447	555	421	322	12
1367	21	21	18	1
3085	461	486	532	17
23151	70597	66104	79527	1508
9623	18	19	16	0
3229	0	0	1	0
3087	308	340	357	8
3228	1	3	3	0
3086	72	66	193	0
3081	29	22	35	0
3080	120	105	98	2
6216	36961	35651	41276	756
3083	35	21	18	1
1976	0	1	2	0
23157	30313	28361	33621	612
9298	40	56	67	3
6219	53867	54768	65899	1255
6218	7343	7259	8469	137
1974	1	1	0	0
1971	80	86	70	1
1115	162861	157154	163543	3009
1362	33	43	38	1
3233	1	0	0	0
3230	2	3	2	0
3231	124	169	249	6
5199	96042	91390	108448	1906
5198	36861	38717	44174	896
5195	3206	2601	3629	66
5194	9630	9526	12105	232
5197	71078	73048	91069	1676
5196	14761	16323	21336	365
5191	7284	5236	5268	84
5190	46475	50499	63280	1190
5193	8359	5345	6055	84
27547	1	3	3	0
27545	2	2	2	1
27544	10	5	8	0
27543	11	7	16	0
27542	3	2	4	0
27541	2	3	1	0
27540	41	37	24	0
5449	53164	54222	62646	1151
5448	80968	82537	99472	1803
7069	35283	34042	40025	776
7068	35613	34720	41074	780
5443	55837	60868	73673	1434
7066	21660	21601	26568	540
7065	15586	14545	17274	309
5440	24192	26207	34127	633
5447	33849	35826	46083	862
5446	20769	23588	31579	617
5445	18822	20108	24940	459
5444	31187	33050	42767	799
1143	37873	37181	39321	733
1140	317	583	812	13
1141	67959	71081	83248	1544
1146	155833	151928	168742	3074
1144	2665	3719	3431	88
1145	5	9	7	0
1546	97	36	30	0
1547	65	20	24	0
1544	67	28	30	0
1545	110	41	36	0
1548	63	22	20	0
1549	63	24	22	0
31751	324277	388477	75792	1849
31750	17825	25488	8689	186
31753	169769	168767	29529	824
31752	256539	311476	115876	3041
9624	10	12	9	0
7567	26611	27215	32883	581
12828	3	3	3	0
12829	3	7	8	0
9989	130240	122813	119518	2150
7398	6016	6795	11791	226
410	59	71	54	3
411	512	453	421	6
412	249	226	202	1
413	105	144	191	4
23280	20958	18554	26259	479
23285	9405	8409	12414	243
23267	22935	21543	25765	475
23268	36497	35067	42270	788
23269	8465	7577	10807	173
13999	232	315	341	4
11365	25	42	71	0
368	235	298	309	7
369	69	54	59	0
367	17	30	26	1
364	8	11	12	0
365	188	229	227	6
362	102	156	171	4
363	42	43	76	3
360	38353	36386	42865	765
361	135	194	218	2
16129	11805	13970	17987	320
16128	14625	16586	20677	418
16125	27819	31976	43055	707
16124	20211	22811	31440	533
16127	15886	18118	23422	434
16126	26287	29422	40659	692
380	10439	9959	11819	224
382	63422	67334	81930	1513
383	61649	64479	77513	1516
384	7891	5151	5494	105
385	11559	9943	8734	173
386	51989	46837	52994	980
387	57037	50916	56377	1036
388	57021	55670	66270	1162
389	77011	70370	77220	1389
12725	178	148	137	6
12724	1	1	0	0
6172	1714	2767	4099	112
12722	3	2	6	0
12721	12	9	17	0
6171	57262	60872	69804	1392
1369	51490	47541	55188	996
9962	207	148	72	1
9969	41363	45760	55634	1089
258	350	453	513	15
259	149	132	130	2
252	820	976	937	22
253	26	37	37	2
250	865	1177	1485	39
251	122	167	214	3
256	2242	2280	2207	42
254	237	311	281	5
255	372	326	276	5
3212	3	5	5	0
2518	13	40	40	3
2514	7	11	14	0
2515	11	16	10	1
2516	4	1	3	0
2517	8	13	14	0
2512	77	80	74	2
2513	1	0	1	0
2779	39	35	41	3
11528	15	17	34	1
6223	58500	55012	64716	1228
6221	21267	21356	26226	535
6226	16453	14302	13892	252
6227	80270	78719	96350	1720
6228	0	1	0	0
6229	158030	147884	162983	2858
9290	71	83	78	1
9296	18	40	47	0
9297	13	11	15	0
1979	25	26	25	0
1978	33	28	55	0
1977	2	6	6	0
3224	27201	25140	26930	486
3227	2108	2306	3154	77
3226	7	9	9	0
3221	27194	25138	26928	486
3220	27193	25138	26928	486
3223	27202	25147	26945	486
3222	27193	25137	26928	486
10180	17041	29210	36546	1271
6999	34786	36164	42003	811
14742	2	3	2	0
14747	4	4	6	0
58	1364	2387	3151	96
1551	441	616	710	14
1553	122	158	135	5
1552	88	144	126	2
59	2920	4869	6485	221
1554	121	143	115	1
55	59465	64779	74482	1509
54	56241	62979	76765	1611
57	4043	6291	7990	236
56	8217	14446	21210	668
51	26953	24685	28358	484
50	137342	132410	147729	2543
53	82012	99391	114995	2539
52	86647	83416	97377	2154
537	163	287	287	13
536	297	522	685	26
535	348	596	728	22
534	570	947	1301	39
533	467	730	903	30
532	2084	3330	4238	133
531	5431	8617	11993	365
530	56006	58724	67385	1324
539	103482	98253	114639	2011
538	242	412	679	27
5139	466	574	855	17
14746	0	2	4	0
5137	917	1092	1297	24
1907	3630	3432	3278	55
1975	2	7	6	2
429	31	41	50	1
428	31	50	52	1
422	56	57	78	2
425	264	186	165	2
424	209	187	153	3
427	66	79	65	1
426	131	70	68	0
14744	6	7	9	0
23252	450	402	526	8
23257	9313	8460	12249	227
23258	7228	6307	8872	157
15335	7127	9369	9812	104
15334	425	463	437	5
15336	0	1	0	0
11356	21741	18869	21782	361
23380	24165	23454	28823	579
23383	57671	55563	68753	1334
7543	38564	39164	47034	823
7544	0	0	1	0
16138	13265	15143	20178	333
16139	14563	16557	21511	379
16136	77877	78564	92191	1673
16137	24876	27879	36699	645
16134	11114	12682	15987	303
16135	22595	26127	35326	586
16132	14734	16830	22398	381
16133	18647	21212	29405	493
16130	15226	17588	23287	407
16131	11231	11413	15066	253
6169	1947	3607	4834	163
6168	36761	40234	49185	969
12730	1	0	2	0
6163	788	659	681	7
6162	211	280	346	6
6165	130	146	189	2
6164	131	138	176	4
6167	223	312	543	10
6166	616	1107	2003	56
9970	39	68	65	1
16222	90513	84684	98085	1767
226	929	1020	1025	25
225	791	984	1054	21
224	107	99	77	4
223	1130	1229	1347	31
222	678	933	911	30
221	777	1063	1071	30
220	756	906	1009	22
27532	1	2	1	0
151	2313	2534	2871	75
150	2428	2803	3199	66
153	6533	7544	10628	204
152	236	268	371	5
2501	116	120	118	3
10179	1091	1851	3064	95
2729	66405	69434	86178	1577
23356	3346	4004	5396	116
7233	122272	113790	129575	2343
7231	41103	44572	56267	1080
21249	172	211	179	4
27491	0	3	0	1
27490	0	2	0	0
27495	0	1	4	0
27494	20	14	29	1
27497	0	1	0	0
27496	0	0	1	0
1949	38	45	40	2
21408	141499	141719	158265	3002
1942	12	17	15	1
1943	39	66	76	1
1940	125	113	80	0
1941	4	7	4	0
1946	28	32	47	2
1947	14	21	30	0
1944	8	2	4	0
1945	22	12	23	0
3207	33	43	44	1
3206	7	9	10	0
1993	15	22	24	0
3204	32	28	34	1
1968	13	11	7	0
1700	58	59	69	2
1701	11	18	23	0
1702	53	72	76	0
7730	147976	140907	142568	2549
1704	59	55	74	2
3201	10	22	14	0
1706	107	147	155	4
1707	61	55	42	1
1708	66	66	84	3
1709	59	95	130	3
5185	29173	29438	36204	646
1128	1690	2221	2540	83
1129	86	110	172	1
1120	38165	41087	43587	889
1121	30519	34979	48315	878
1122	76864	72860	84094	1560
1123	59	58	56	0
1124	0	0	1	0
1125	11314	9295	9552	145
1126	138304	114055	131202	2408
1127	2151	2764	3326	63
524	1074	1768	2072	71
525	1455	2382	3027	109
526	65	154	210	4
520	48	54	62	2
521	162	178	206	3
522	308	561	724	20
523	543	969	1222	36
8736	44570	44592	54600	927
529	2083	3185	4245	158
12842	17	24	30	0
12843	19	22	38	1
12841	13	16	11	0
12844	2	3	6	0
438	107	148	120	2
439	4	5	3	0
436	120	100	88	5
437	217	190	222	7
434	87	90	137	1
435	279	325	375	2
433	2	0	1	0
431	57	48	37	1
2485	40	46	36	2
23484	2625	2341	3242	63
23482	6590	5306	6020	107
23483	3062	3065	4663	57
23480	2667	2288	3252	59
23481	1816	1913	2522	41
23248	14622	12988	18026	338
23244	1776	1617	2242	34
5704	129964	122895	120056	2159
5705	176434	169320	167331	2955
5706	151081	142440	143667	2547
5707	146029	137582	137687	2470
5703	66446	69496	69553	1350
9260	33	48	54	0
9267	0	0	2	0
14715	0	3	0	0
9271	11	20	33	0
16219	77167	71585	83344	1507
16218	79835	79204	93245	1746
16587	51485	45443	51127	908
16586	6064	4396	4582	75
996	19373	21632	25073	632
238	1983	1524	1345	22
239	3892	3703	3495	55
234	255	295	364	10
235	273	375	420	11
236	3515	3422	3357	53
237	1727	1557	1449	31
230	3	9	8	0
231	29351	48625	61557	1844
16589	32567	31079	35914	674
16588	19053	20674	24910	500
9277	43	36	35	0
144	15989	18565	20912	494
145	21151	21048	25595	448
143	72615	66758	76606	1396
141	12695	12555	13819	288
149	600	666	906	22
21349	40	31	37	1
5141	1	0	1	0
9168	92187	88354	100637	1844
9169	41697	42688	48619	932
9164	63976	65880	83111	1507
9165	4	6	4	0
9167	77202	79054	95293	1756
9160	115168	112212	128901	2349
9161	45324	47311	55783	1079
9162	72193	75956	89469	1667
9163	25	47	54	3
7969	23	27	22	1
27482	11	14	18	0
27483	20	24	29	1
27480	2	5	6	0
27481	1	2	5	0
27486	7	13	8	0
27487	2	4	7	0
27488	0	1	0	0
27489	32	74	79	2
1957	0	2	3	0
1956	176	232	208	5
1951	92	87	119	3
1950	15	27	34	1
1952	1	0	1	0
1959	132	90	85	0
1481	92737	91427	104883	1915
1480	236	155	185	0
12732	159	154	150	3
1713	144	140	202	4
1712	12	14	18	0
1711	89	134	174	4
1710	13	12	28	0
1715	146	186	198	2
1714	3	2	3	0
12735	0	4	4	0
12736	1	4	2	1
12737	2	2	3	0
1139	10020	10090	12264	237
1138	24	39	37	0
1133	103	143	155	2
1132	32580	33449	38577	723
1131	980	1092	1266	27
1130	7	5	14	0
1137	850	891	919	27
1136	52381	52616	60578	1174
1135	404	417	475	12
1134	2085	2449	3054	73
519	443	447	382	12
518	299	333	311	6
1007	106781	105199	123808	2229
1006	77936	77407	91677	1660
513	163	237	299	5
512	36	64	66	3
515	427	502	604	10
514	8	9	5	0
517	193	239	232	5
1000	13704	13484	15289	314
1997	4	2	2	1
1996	6	4	4	1
3197	1	5	4	1
2	212704	192771	200431	3721
23238	57142	55666	66147	1282
23231	29888	23934	32972	604
23230	15312	14820	18125	322
23233	17781	14850	20456	370
23232	6734	5897	7211	150
23235	6633	6058	8754	164
23234	4148	3669	5110	90
23236	5948	5258	7532	141
7566	68287	72048	88337	1625
10	74227	70794	80243	1434
15	22364	22564	29115	575
16	18997	19167	26140	503
19	3462	3405	3510	98
18	657	549	441	11
5712	11	4	10	0
5711	13	10	13	0
5710	13	4	3	0
23345	31460	31437	35549	697
23344	60043	57976	68047	1300
9263	9	6	11	0
23341	11274	9673	13160	225
23340	61161	59615	71615	1391
23342	12971	12645	15353	277
23349	77929	80469	94651	1836
9273	20	27	27	0
16590	17005	18353	21979	458
16591	20341	21718	26329	523
16592	25309	27141	33457	657
16593	16815	18121	21732	458
16594	18176	19724	23896	491
16595	7884	7488	8874	176
16596	24177	24447	29767	549
3190	102752	94211	108791	1958
1304	3914	5421	5859	54
23202	0	5	3	0
7818	131655	124414	121727	2203
227	9548	8802	8221	150
23203	0	1	2	0
3654	4771	4229	4572	69
3655	817	711	907	15
3656	5006	5396	6074	116
3650	22845	23500	27915	508
3651	801	684	678	14
3652	1732	1954	2499	43
3653	2554	2816	3380	67
16221	95341	87354	100855	1815
23207	1	2	0	0
27502	7	8	5	0
10357	10	25	45	2
10358	55	93	146	10
10359	3	3	2	0
9176	1268	1586	1858	53
9175	19955	17693	17341	312
9174	22206	25819	33263	677
9173	53408	58510	71608	1396
9172	3079	3863	5345	118
9171	33021	37077	44991	888
9170	0	0	2	0
27500	3	2	4	0
5399	163517	153155	174108	3030
1920	38	61	77	0
1921	36	40	53	1
1922	2	2	4	0
1923	156	207	196	8
1925	29	42	67	1
1926	5	11	12	0
839	24	29	33	1
3	82872	76738	88719	1581
14233	2	0	0	0
3199	3	3	5	0
27505	0	0	1	0
27504	0	0	1	0
60	44805	46966	53560	1064
7798	48746	44928	53130	882
62	3812	7263	12247	455
63	51193	54065	61721	1212
64	274	370	433	5
65	1471	2279	2971	77
66	3202	5613	8918	243
67	630	1135	1936	68
68	916	1683	2760	109
69	783	1303	1929	72
7793	43428	42557	52040	970
7795	57435	59929	70544	1351
7794	60424	62975	74089	1411
7797	26653	25943	29421	524
7796	63497	65721	77092	1461
7151	1776	1309	2560	80
1031	86350	82045	87733	1574
502	121	138	143	1
503	114	109	71	0
500	128	119	124	1
501	135	119	85	2
400	279	322	449	5
9126	42	91	110	6
1106	58608	57541	60459	1098
1455	10802	13291	18307	398
1104	29518	26637	29755	493
1457	85	112	155	2
1102	78275	81516	94103	1789
1451	157646	149351	151596	2697
1100	22837	25710	28719	685
1101	48257	49196	55989	1016
408	332	429	420	8
1458	4	4	5	0
1459	3	2	3	0
1108	89773	88167	100368	1765
1109	8253	9625	12331	249
23229	20692	17499	25190	459
23222	11519	9619	13643	247
8401	18143	17485	19584	334
23220	2350	2080	3065	46
23221	8	15	22	1
23226	30433	26891	38818	786
5720	12	9	5	0
5721	128	66	31	0
5724	944	1623	2572	94
5725	153882	149464	162686	2981
8314	1269	1568	2084	55
23354	710	635	830	12
23355	89489	84574	100148	1855
23352	8206	7509	10966	204
23351	5300	4920	5765	119
23358	3870	3597	4120	90
23359	12146	11425	13913	262
216	30	26	29	0
217	62022	65064	78868	1435
214	64334	64776	78499	1434
215	44989	47508	60527	1190
212	41880	46376	55098	1060
213	39227	43706	54390	1052
211	15408	18351	26017	533
218	7153	8948	10780	198
219	8237	8289	10168	185
9207	23134	23973	30389	560
463	79	139	131	2
6648	58634	60907	70024	1322
6649	41471	42744	50898	947
6644	45323	47311	55781	1079
31840	55	60	51	0
6646	57696	57537	67459	1256
31842	55	60	51	0
6640	28487	29774	35478	717
31844	57	67	56	0
6642	152091	141876	161583	2799
6643	117400	111263	129217	2278
4	14652	16363	17750	399
13413	9644	8344	10080	202
3649	2842	2838	3270	69
3648	839	991	1433	34
3647	1471	1225	1332	27
3646	499	546	613	9
3645	4239	4408	4983	99
3644	12751	12797	14098	272
3643	2320	2106	2279	48
3642	5163	5915	7513	169
3641	2296	2220	2792	36
3640	4911	4557	5030	95
61	2551	3984	5173	122
2778	2	4	2	0
2648	62	47	85	1
2649	1	1	3	0
2772	18	15	10	0
2776	27	50	37	0
2777	16	17	15	0
9143	660	1193	1709	55
9140	2377	3886	5173	173
9141	697	1149	1435	52
7971	6	5	6	0
7970	6161	7129	9906	197
9144	735	1305	2216	85
9145	716	1205	1524	54
21188	23	22	14	1
21181	1203	950	912	20
21180	216	147	126	0
21182	325	279	271	4
21185	49	24	33	1
21184	98	79	95	1
21187	31	34	36	2
21186	238	200	261	6
5168	26477	25566	30296	543
1933	33	37	45	1
1932	6	5	12	0
1931	2	2	10	0
1930	12	10	12	0
1936	248	313	271	9
1934	10	6	12	0
27518	60	77	93	1
1939	81	78	87	2
1938	156	165	158	2
27519	68	63	66	3
843	81	98	113	6
842	70	96	75	3
841	67	67	99	3
840	44	74	80	0
27515	0	1	0	0
7232	134300	126598	144886	2547
27517	1	0	0	0
10258	101	140	96	0
27844	51	51	72	2
9209	23740	28252	38095	691
3074	50265	52478	58140	1114
3075	3	1	4	0
3076	32217	29831	34871	673
3077	57255	58396	67511	1226
3078	520	490	530	12
3079	238	129	173	3
1025	3	2	0	0
12712	3	3	3	1
1021	29	18	57	1
1020	0	2	1	0
12713	3	2	2	0
12711	8	16	19	1
12717	0	1	0	0
12718	31	32	54	1
12719	1	1	5	0
3109	131	181	230	4
3104	23	26	30	0
3105	3	5	4	0
3107	8	3	3	0
3100	1030	1212	1248	30
3101	19539	17562	17998	354
3102	2763	2942	3192	83
3103	2324	2586	2895	59
1447	137511	131859	132368	2372
1446	45562	48026	57139	984
1113	8319	6416	6987	127
1112	58768	51388	55209	1032
5	134460	133993	153289	3229
1114	890	1112	1171	33
1117	54648	55525	62806	1107
1116	6482	7615	9841	194
1118	61556	61270	72070	1358
467	829	659	585	4
1449	147228	138490	138341	2483
1448	152035	145233	149520	2629
23217	3	4	2	0
23216	465	494	756	11
23215	1193	1314	2153	52
466	1439	1500	1316	21
23213	17	26	43	1
23211	10	13	28	0
23210	2	1	4	0
461	32	19	15	0
23219	19134	19532	25166	487
1356	307	514	624	16
5734	2	1	1	0
5731	12	22	30	0
5730	2217	2246	2986	50
5733	50843	46787	52655	884
487	13	9	13	0
486	23	41	57	0
485	8	17	18	0
484	124	178	241	10
483	0	0	1	0
482	71	86	83	4
480	36	48	65	0
7742	138178	129597	127118	2281
7743	128431	121799	119246	2143
7740	112458	106509	101894	1883
7741	121968	117688	117944	2163
7746	29134	26337	25056	455
7744	81062	74454	75151	1339
7745	105797	100750	101749	1834
23363	5901	6827	9036	205
23362	5899	6826	9032	205
23361	1106	914	1312	15
23360	1734	1490	1990	31
23367	57023	58311	71716	1387
23366	1049	937	1348	14
23365	26861	22887	32489	594
23364	1758	1484	2050	32
23368	63306	63061	76744	1491
23204	5	15	16	0
16149	12447	13117	16695	327
6650	101218	101135	112694	2103
1454	7	6	7	0
1107	76390	72382	82445	1527
1456	19	18	28	1
1105	9662	11133	14156	277
1450	47370	49276	63456	1140
1103	21354	22804	25366	581
1452	85	85	141	3
2763	32	32	34	1
2762	206	157	152	2
2760	23	29	32	1
2764	3	1	1	0
9289	28	42	27	1
1908	4920	4679	4709	80
5138	244	278	319	9
1906	4041	3696	3313	64
5136	86360	83822	98152	1845
6	109106	103141	118048	2133
14786	75	103	174	5
14785	21	32	93	5
14784	139	235	530	23
14783	39	73	103	5
14782	29	60	107	2
14781	59	80	266	14
14780	34	47	92	5
7008	17221	17989	21781	389
7001	25101	24160	27375	459
7000	11305	10422	13353	247
7003	26086	26012	31002	533
7002	26431	27023	33174	582
7005	16819	16109	18045	312
7004	20493	19767	26431	460
7007	16626	15976	18114	307
7006	27478	27799	35590	599
22880	691273	843967	190797	4990
8400	30073	31325	38713	678
3061	6	5	4	0
3060	1	0	0	0
3066	77982	75705	90617	1644
23223	1	0	0	0
27476	1	0	0	0
27475	3	2	4	0
27474	9	11	15	0
27479	4	7	8	0
27478	40	52	58	0
27523	2	2	5	0
1696	74	102	140	3
1697	16	14	14	0
1694	615	676	755	16
1695	259	231	226	2
1692	56	68	47	0
1693	22	18	23	0
1690	127	181	174	0
1691	93	78	70	1
1970	2	8	4	0
1698	13	18	23	0
1273	42931	48411	57899	1219
1274	136463	143583	162579	2983
14765	9	13	17	1
14764	59	108	144	4
14767	59	99	163	11
14766	24	44	81	3
14761	230	463	575	20
14762	65	103	187	11
14769	114	200	311	10
14768	13	21	33	2
3110	15	27	27	0
1476	4358	5408	4865	131
1475	120296	118292	136630	2509
1479	164	168	184	4
23200	30	56	85	2
23201	6	9	10	0
1306	29698	29856	36584	640
1307	17983	18072	22871	435
1300	5667	5486	6339	115
1301	2460	3031	3924	73
23206	2	2	5	0
1303	5085	5351	6241	116
23208	6	6	21	0
23209	31	43	61	2
1308	77529	77504	92224	1709
1309	105350	97889	111259	1944
498	15	14	19	1
499	125	199	229	5
494	185	161	154	2
495	187	180	156	2
496	161	221	223	6
497	90	114	119	1
493	36	51	42	2
24	140585	133276	151674	2685
25	199231	190450	196605	3491
27	10383	11932	15178	293
20	4876	4247	4637	87
21	6894	6497	7755	157
22	28898	28295	33281	651
23	13532	12836	20522	319
10308	86450	85022	94316	1581
28	125283	116737	135079	2381
29	84617	87676	105554	1979
414	15	16	28	0
1703	24	15	29	0
23374	4744	4008	5843	101
23376	11152	10359	12449	221
23377	51480	54222	67657	1333
23371	22118	19235	26828	469
23372	18237	16778	19983	340
23373	3099	2611	3752	67
16091	67853	61546	69641	1253
16090	31085	28759	32936	600
16093	76818	70318	80743	1440
16092	78780	72782	84989	1514
16095	48778	44210	48902	903
16094	18017	15899	18100	327
16097	41021	36756	40435	724
16096	54508	48749	53758	977
6663	136	188	233	7
6666	0	1	1	0
6667	33	39	71	3
6664	898	1024	1215	27
6665	120797	122020	134205	2612
7	15384	10621	10778	217
16148	14160	16041	20615	372
16147	21549	24287	33304	573
16146	24445	27396	37333	656
16145	7000	6520	7521	137
16144	17586	20204	27897	469
16143	14737	17102	23470	405
16142	18497	20989	29045	479
16141	21653	24412	33373	573
16140	21338	23983	32860	572
6639	19966	21684	26240	523
11550	146	257	383	13
9120	80	112	172	7
9121	14	29	40	2
9122	412	637	964	44
9123	117	234	377	8
9124	184	353	746	33
9125	195	308	529	13
10309	1054	1237	1225	22
9127	72	117	115	8
9128	236	451	612	14
9129	280	538	1207	49
8313	10	12	21	0
21239	11	1	5	0
6631	21684	18376	19506	340
11558	50	85	137	7
1919	37	63	38	1
1918	26	41	35	1
5108	312	206	145	1
5109	3	3	3	0
9238	143229	135916	135774	2439
9239	142251	135496	137062	2468
5102	1074	970	1131	17
9235	151836	144130	145248	2588
9236	95892	96252	101711	1850
9237	141204	135495	136898	2452
1915	166	182	209	4
9231	38734	41597	52975	1023
9232	131102	126378	127932	2345
9233	44393	45918	54084	973
2026	96	104	91	4
2027	6	3	8	1
14802	5517	7405	7834	101
27536	0	1	1	0
27537	56	66	94	3
27534	0	1	0	0
3058	66158	68161	80983	1498
3059	245	162	109	2
14758	94	174	248	6
27530	26	21	22	1
27531	12	19	23	0
1680	79	119	133	5
1682	21	27	35	2
1685	54	87	116	4
1684	5	12	13	0
1687	55	84	89	2
1686	6	10	3	1
1689	196	214	202	2
1688	12	12	10	1
14750	1	0	0	0
14751	6	7	9	1
9234	128027	122916	122691	2201
27538	1	0	0	0
5103	787	722	711	7
27539	0	0	2	0
5100	7234	7407	8985	172
14776	31	42	59	1
14777	10	12	19	0
14774	2	2	1	0
5101	20	7	9	0
14772	6	0	6	0
14773	5	0	6	0
14770	220	388	975	46
14771	6	10	16	0
5106	5	5	4	0
14778	14	12	9	1
1914	85	87	92	0
1469	256	390	509	8
5104	1737	1035	767	18
8	119534	110966	124509	2196
5105	4048	4763	5289	102
1461	1462	2503	3672	122
1460	3	0	5	0
1463	149998	142433	144490	2578
1314	1497	1251	1042	14
1313	3690	6417	6402	208
1311	114063	111528	129959	2362
1310	92193	88492	101099	1838
464	42	32	29	2
23161	13006	11076	15456	289
23160	13601	11915	16991	302
23163	11113	9369	13429	252
23165	10438	10038	12001	233
23164	1794	1650	2306	40
23167	6187	5215	7325	143
23166	24150	22092	32412	604
7720	110828	105691	103504	1854
23168	42309	39829	46766	895
7722	145452	138675	140207	2517
7723	5800	5539	6394	106
7724	126242	122448	123744	2220
7725	138974	133018	132952	2375
7726	151676	143822	145264	2596
7727	138667	134145	137421	2458
319	164361	156701	155054	2903
318	170579	155660	156463	2883
313	57701	50234	51005	875
312	53746	46684	47579	813
311	53873	46480	49129	884
310	84178	78395	81299	1451
317	71509	63811	72635	1281
316	199090	189321	185530	3379
315	45706	38155	38822	653
314	41260	33219	32249	538
23300	3507	2915	4085	78
23302	5676	5165	7842	143
23305	14911	13464	18327	374
23306	3420	2969	4252	95
1335	163	238	338	14
1334	27	35	51	0
1337	22	55	78	4
440	282	189	159	3
447	383	445	417	14
446	64	48	42	1
16088	70957	65874	76368	1387
16089	18722	17079	20087	364
1333	68	102	143	2
16083	74503	68902	79847	1426
444	99	99	77	1
16086	77443	71785	83173	1500
16087	71843	66353	77191	1371
16084	78659	77176	89725	1701
16085	45345	40739	46176	825
6645	50907	51571	60648	1119
6647	71519	71458	83763	1555
3616	3975	4360	5511	116
3617	4694	4472	5493	87
3618	11819	10668	12068	217
3619	3631	3584	4558	85
6641	20298	22504	27369	566
9133	498	890	1578	54
9132	326	594	727	20
9131	266	426	514	19
9130	29	49	71	1
9137	375	741	996	35
9136	237	440	633	21
9135	723	1145	1489	52
9134	124	198	380	18
9139	715	1209	1648	62
9138	307	505	624	14
13596	705	816	1086	33
6299	34077	35277	39168	753
13598	669	925	1438	28
5114	3968	3951	4419	90
5111	3775	3733	4054	81
5110	353	307	357	5
5113	138	117	80	3
5112	6	9	0	0
2745	54	51	56	1
3094	3490	2622	2244	67
3095	36046	34863	42816	758
5201	46114	42365	47931	900
5200	34144	32086	37426	691
5203	85576	80245	92375	1633
5202	50425	45344	50515	934
5205	57670	56458	72169	1176
5204	68947	65115	75952	1335
5207	36554	37666	44195	787
5206	17174	16470	22896	343
5208	57537	59165	62184	1183
3098	124	174	254	3
1969	377	438	488	10
3099	930	961	1086	32
1964	12	12	19	0
1965	34	32	27	1
1966	63	91	79	0
1967	16	23	23	3
13414	34942	35578	46183	873
1960	7	4	3	0
13415	13423	13129	21088	531
1961	104	130	88	2
10082	14925	14676	15557	320
23323	43427	43769	48203	919
23322	1674	1472	2076	30
1913	9	18	18	0
5372	32	23	45	0
1678	10	10	14	0
1679	14	20	17	1
1674	23	42	34	2
1675	27	50	45	1
1676	9	12	16	0
1677	65	83	97	6
1670	77	103	87	3
1671	37	54	51	3
1672	138	188	219	11
1673	24	39	41	0
1094	24264	24846	31569	634
1095	72395	72447	86255	1619
1096	15254	17189	18909	418
1097	27396	30441	39810	831
1098	123617	115607	130749	2322
1099	62237	60708	66518	1245
409	30	59	52	0
27525	2	3	2	0
27524	10	14	19	0
27527	14	31	42	0
27521	9	6	7	0
27520	81	87	100	3
14745	5	4	6	1
27522	26	25	46	0
14749	442	834	1539	70
14748	70	103	117	4
27529	1	1	0	0
27528	0	1	3	0
1322	403	631	785	28
1323	374	608	873	28
1326	100	147	168	6
1327	99	169	235	7
1324	203	392	725	22
1325	722	1327	1871	58
1328	2	10	7	1
1329	807	1323	1690	56
5568	17285	16383	18714	292
5569	9485	11215	14900	276
5566	16832	17340	20760	357
5567	26431	27023	33174	582
23172	43217	42764	53093	1039
23173	32472	26264	36340	665
7739	136656	130012	129148	2358
7738	102555	99158	95609	1744
23177	21214	18186	25846	469
7733	154036	145587	141622	2614
7732	75488	75947	76104	1424
7731	142260	136703	139024	2496
23179	5968	5419	8126	151
7737	124269	117614	113374	2055
7736	89	110	140	3
7735	128134	122157	122398	2180
7734	19219	18914	22375	404
308	110556	107119	123052	2309
309	88313	83411	87438	1560
1916	139	145	152	3
306	127898	125257	138933	2594
307	124110	120140	132227	2504
23318	830	743	973	22
23312	8033	6870	9544	179
23316	9723	9091	11008	223
23317	820	707	969	15
7425	16	7	8	0
7424	16	14	25	0
7423	1	0	1	0
7422	10	14	20	2
7421	34	26	25	0
7420	25201	3714	5438	93
21350	73	82	89	1
71	1072	2057	4050	185
9262	3	13	8	0
70	518	909	1401	35
6600	5110	5872	10144	219
6601	18	11	17	0
6602	13954	10928	12335	195
6603	5018	5772	9942	218
6604	9971	11279	15683	331
6605	4956	5707	9851	217
6606	99692	96738	112806	2113
6607	297	304	438	6
6608	101285	97226	113192	2103
6609	112	113	181	1
9265	0	6	7	0
9268	33	37	50	1
470	88	117	118	1
7067	120	119	165	5
5442	31610	34200	46139	854
5441	23047	25687	33564	643
9108	867	1698	2053	88
9109	599	995	1278	59
9106	575	873	1182	45
9107	1776	2675	3523	137
9104	104	201	410	12
9105	429	809	1064	38
9102	1014	1756	2149	83
9100	160	299	607	19
9101	49	80	144	9
1443	179404	168823	159198	2916
476	56	64	111	1
7973	35	41	64	1
7972	4443	5163	7958	164
5160	26397	28408	37537	716
5161	85938	84501	99374	1778
5162	59570	60025	73989	1280
5163	17843	17819	21251	393
5164	12244	13689	18510	362
5165	15189	15187	16943	316
5166	6482	7073	9099	175
5167	40067	41924	49369	916
2640	392	597	657	20
5169	50358	46485	52898	908
2642	49	51	77	1
2643	88	149	216	4
2644	12	19	17	1
2645	650	403	276	8
2646	90	159	165	6
2647	79240	79826	96340	1739
9212	33240	30848	34564	609
9210	122743	119097	126035	2239
9211	18117	17429	20965	407
2000	39	33	49	2
2008	19	10	15	0
1705	22	44	26	0
11538	61	86	119	9
7128	1340	1353	1781	34
7129	422	454	451	16
7126	695	754	1046	19
7127	221	244	337	5
7125	13830	13167	14464	280
1669	83	136	131	4
1668	151	250	229	9
1667	1	1	3	0
1665	36	76	97	1
1661	30	26	24	0
1660	214	234	256	6
6597	1888	2438	3320	78
6598	28773	27687	33120	632
6599	18544	21875	28955	576
3141	425	227	338	4
2824	19	39	43	1
2827	7	7	16	0
2820	25	59	58	3
2821	581	924	1146	45
2822	520	855	1196	41
2823	26	30	38	1
5414	72143	69551	81740	1470
5415	2359	2103	2358	36
5416	57974	56499	68630	1268
5417	102469	101015	116733	2091
5410	60776	58980	68881	1214
14759	93	172	244	6
5412	92721	91612	108117	1999
5413	54411	51800	58901	1051
14755	152	282	377	13
14756	34	53	63	2
14757	153	240	441	19
5418	14820	15288	17809	348
5419	27946	27818	31659	591
14752	39	46	54	1
14753	24	33	52	2
449	148	164	113	0
448	28	39	29	2
1339	314	591	795	31
1338	710	1205	1649	60
443	438	530	665	13
442	978	1035	946	19
441	737	828	802	11
1336	465	795	938	33
1331	746	1243	1556	56
1330	74	112	142	2
445	33	44	30	0
1332	146	238	337	13
14775	17	21	37	1
39	121757	114717	130551	2350
38	56994	49721	53291	1026
33	121104	113417	130238	2342
32	172389	163656	175656	3107
31	57190	54813	58953	1079
30	5475	3730	4326	78
37	57410	56687	67499	1274
36	47865	47040	54579	1019
5571	29757	32689	39718	671
5570	10142	12452	15596	331
3092	1856	1521	1222	28
3093	1146	1070	1221	28
3090	37676	35735	42377	761
3091	276	284	293	0
3096	59861	59584	70052	1342
3097	2169	2035	2143	58
23149	98878	94021	110617	2010
23148	75225	72253	87846	1666
23147	98622	95051	112456	2098
23146	26492	25231	30070	575
23145	52153	50848	61799	1170
23144	101576	96450	115955	2166
23327	1856	1519	2027	33
23324	130	131	160	2
339	27059	26229	29988	561
338	18408	17559	20254	359
23320	340	342	473	9
335	139308	132434	151056	2671
337	7311	7105	8123	147
336	77080	73181	86566	1628
23329	26427	22596	31806	632
23328	3317	2945	4029	63
14779	7	17	30	0
23205	1	5	8	2
7412	12500	13606	23373	435
7410	16722	19012	24179	449
7411	86	98	160	1
3195	11	3	21	0
6613	20842	24718	32618	651
6612	101826	95113	99003	1857
6611	62551	62009	72305	1356
6617	12617	15559	21373	442
6616	20459	21004	24438	469
6615	40364	43688	53410	1026
6614	17767	18833	22312	430
6619	35831	38915	50527	979
6618	55306	58902	69739	1328
11539	583	974	1427	45
5952	336	327	279	7
11533	230	359	458	10
11532	530	1028	1351	63
11531	104	189	215	10
11530	182	348	452	17
11537	226	438	582	18
11536	219	362	523	11
11535	419	834	1024	34
11534	315	466	628	17
1962	1	0	2	0
3638	3278	2803	3391	64
3639	536	611	736	11
3636	933	1109	1321	32
3637	4454	5189	7034	131
3634	1136	1207	1642	33
3635	6112	5774	6378	112
3632	6933	6998	8746	151
3633	15509	15146	17305	296
3630	1946	2303	2888	73
3631	7590	7743	8575	171
233	909	1107	1099	26
9119	117	143	230	10
9118	173	297	397	12
9111	1069	1646	2249	68
9110	446	643	924	39
9113	1648	2525	3264	103
9112	1090	2148	3346	193
9115	612	945	1319	52
9114	495	787	1252	38
9117	40	59	72	2
9116	367	597	922	35
21157	618	510	608	15
13372	678	652	661	12
13371	68	56	95	0
9205	93570	87680	83763	1525
9204	6719	8232	11634	223
5171	60414	62020	84162	1597
9206	154362	146063	147078	2656
9201	30868	29684	36644	663
5176	44882	46836	55599	1066
5175	57230	60186	79705	1436
9202	149490	140390	141117	2538
2653	17828	14839	15810	270
2652	27014	20563	21580	343
5179	27754	29942	34298	670
5178	33387	34962	40000	751
2657	25864	26025	30912	607
2656	11867	11300	12755	212
2655	17466	16213	18655	337
2654	15679	13586	14907	269
133	6555	6864	6710	131
132	2324	2306	2192	45
131	687	742	789	12
130	3029	3341	3565	69
137	1813	2263	2218	49
136	6	6	5	0
135	3795	4649	4985	117
134	2876	2894	2809	52
139	16356	18079	19513	306
138	4051	4658	4588	99
1354	49	69	97	2
2019	0	1	1	0
2018	66	61	65	2
2014	22	28	35	1
2017	28	30	14	2
2011	60	77	114	3
2013	62	107	90	2
2012	38	55	60	1
10289	40117	37135	44134	833
1453	181	195	132	1
7131	938	995	1061	18
7130	154	196	279	6
7133	860	889	1007	28
7132	112	128	188	3
7135	1241	1306	1748	29
7134	1112	1219	1349	22
7137	142	193	212	7
7136	628	661	702	17
7728	137585	131714	132922	2364
7729	153529	145391	147505	2616
1653	42	47	47	3
1651	34	46	53	0
1656	1	1	2	0
1654	79	66	61	0
1655	66	86	107	3
1986	20	35	40	0
3215	0	2	1	0
3216	27202	25145	26938	486
3217	27647	30632	36959	736
7721	64028	58790	56727	945
3210	7	15	10	0
3159	23748	23385	27056	485
3158	10823	12699	17176	320
1983	20	25	24	2
1436	27195	25137	26931	486
5406	90694	88844	104877	1843
27501	21	26	29	1
5404	85372	78441	88871	1592
5403	113507	110659	128672	2315
5402	88908	84985	95540	1704
5401	98895	98287	116602	2161
5400	128844	124035	143093	2574
14720	2	2	1	0
27509	0	0	1	0
3213	32063	32892	38026	718
5409	105034	103459	121311	2176
1439	11558	13686	18307	389
1348	24	52	60	4
1349	266	432	582	22
450	229	312	293	5
1341	41	78	88	3
1342	342	595	737	21
1343	78	159	178	6
454	230	312	328	13
455	27	46	22	0
456	85	128	99	2
1347	98	165	250	9
7717	85295	81915	84794	1513
7716	104517	100927	100522	1851
7719	155370	145394	142348	2566
7718	140818	133569	134915	2409
23159	19149	18802	23670	486
3089	142	151	161	3
3088	372	500	657	16
23150	40658	39179	47490	917
3084	68017	63082	72913	1353
23152	35531	33814	40743	781
23153	12739	11997	14612	283
23154	15571	14825	17572	345
23155	9605	9094	10519	203
23156	11090	9406	13185	253
3082	1021	1109	1374	22
23334	6350	6098	7206	149
23336	1025	908	1319	26
23338	764	609	833	13
7409	20161	22863	30978	518
7405	5681	6483	11123	218
7404	8021	8770	16005	277
7406	9336	10207	17943	316
7403	5645	6359	11376	221
7402	7522	8383	14526	277
11527	48	83	124	2
6628	55173	57256	65404	1249
6629	47005	49979	58026	1123
6626	51359	54507	64661	1228
6627	49542	51368	58522	1112
6624	32822	33352	36992	692
6625	56675	58688	68357	1296
6622	17384	20597	27515	559
11529	30	72	70	0
6620	36092	39068	47177	909
6621	8099	10168	14244	305
322	156215	154172	148744	2862
323	86142	82578	87045	1567
320	51328	47227	47131	969
321	30861	27674	28666	579
324	50232	43138	39338	680
3629	646	608	607	9
3628	258	290	341	6
3621	16709	15197	17155	322
3620	2241	2781	3124	67
3623	18566	18207	20193	360
3622	7654	6977	7538	136
3625	11667	10903	12352	212
3624	6369	5479	6131	107
3627	19444	20314	23119	444
3626	5620	6396	7668	183
5173	47913	45052	54969	1024
5172	14078	14549	20812	417
2659	18954	20381	26621	521
13368	2456	2427	2841	61
13369	4	2	6	0
2658	9258	9792	12657	239
21351	26	34	32	0
5177	41816	43177	51104	985
13365	83	87	152	6
13366	116	133	187	3
13367	95	174	279	5
9203	22143	20571	21123	382
2488	4	11	11	0
2489	0	1	1	0
2486	13	22	11	1
2487	9	15	13	1
2484	117	181	207	9
5174	41630	43108	53856	1016
2651	25341	19092	20073	323
9270	32	38	50	2
994	8646	7609	7109	139
21345	10	4	6	0
2650	14226	11678	12486	220
9275	34	43	40	0
5148	66796	64067	73950	1459
5149	87201	84860	98641	1826
5146	284	304	371	13
5147	43260	43987	45570	907
5144	878	844	837	29
5145	8143	10005	10564	287
5142	41	40	77	2
998	27763	26971	34727	637
5140	272	326	531	8
9208	9182	11546	14680	269
123	33289	34474	37601	663
124	888	1077	1067	15
125	8077	8581	8944	173
126	856	1038	1141	26
127	6543	7716	8356	205
128	6245	7143	7655	156
129	3316	3375	3438	69
1345	47	105	111	4
5424	7899	7353	7853	146
2790	163151	159280	162198	3067
9098	113	177	282	12
5421	62156	63921	75387	1416
9092	43	68	92	8
9308	60	95	126	1
9309	10	21	23	0
9304	21	34	51	0
9305	2	2	0	0
9300	2	1	2	0
9302	30	30	41	0
5098	9912	9800	11948	231
5099	6153	5796	7856	154
5091	807	848	802	18
5092	28004	26464	27967	507
5093	117	142	172	0
5094	28614	27323	27489	491
5095	31641	30948	31733	567
5096	23524	23456	24017	385
5097	1083	955	1071	16
2664	38013	38154	46826	912
2662	14148	15559	21495	383
2663	25144	29728	40031	793
2660	14066	15049	19131	389
2661	24744	27435	36039	714
27503	1	2	0	0
1645	8	3	1	0
1644	1984	2312	2271	46
1647	28	38	32	2
1646	4083	5061	5761	122
1648	37	43	47	0
12729	135	119	93	5
12728	317	347	414	8
12727	65	64	60	0
3168	0	0	1	0
3169	8	3	6	0
3166	5	2	5	0
3167	0	0	1	0
3164	30769	34810	44988	851
3165	16440	13937	14075	248
3162	13949	15722	20582	363
3163	50792	51031	60855	1076
3160	19105	17958	26738	465
3161	29045	29540	33425	638
5436	107228	103684	120919	2195
5437	53329	56624	68797	1262
5435	50422	54830	70153	1349
27514	3	5	2	0
3365	161233	157334	170737	3158
5438	83345	83476	99156	1838
5439	34552	36689	47791	902
27510	7	10	9	0
27511	0	1	2	0
27513	1	0	0	0
12720	0	1	3	0
1359	801	1423	2380	90
1358	522	1023	1234	34
469	5	5	3	0
468	96	80	69	0
1353	55	94	143	6
1352	571	1107	1443	56
1351	345	517	714	19
1350	81	154	202	2
1357	51	89	103	3
460	237	177	178	2
1355	387	649	720	17
462	220	258	274	4
23186	43513	41826	50101	929
23189	3	3	8	1
23188	9469	9790	12342	226
3184	18	7	18	1
3185	485	507	480	11
3187	72966	66511	77093	1383
3188	54730	50606	59131	1092
11551	271	482	594	25
6638	70900	68696	78321	1458
11553	10	43	35	2
11552	614	969	1269	47
11555	170	333	380	16
11554	35	52	80	2
11556	1	2	7	0
11559	116	184	212	9
6630	32721	37057	46506	918
6633	42187	46517	56717	1132
6632	31037	30423	32814	600
6635	31459	34613	41169	792
6634	39506	41270	47562	910
6637	88388	83408	90196	1684
6636	24809	25704	31097	561
49	69685	68675	71624	1289
357	14227	13414	15512	285
356	6334	6006	7125	122
355	4343	4662	5603	118
354	20482	19421	22939	421
353	13854	13792	16486	296
352	12634	12068	14531	280
351	10563	10656	12856	252
350	35530	34130	39437	722
359	153	188	257	3
358	26099	25431	30273	599
25071	41	62	78	1
25070	276	396	613	7
1111	57842	58053	61466	1117
1110	103081	103631	118984	2350
1445	60610	59986	69911	1272
289	44914	46557	57751	1116
1444	70774	64397	60469	1092
281	37321	38071	46530	869
280	40412	39943	47310	855
283	52000	57389	73002	1389
282	29112	28259	32536	586
284	22	22	48	0
1442	178780	169034	169469	3115
1441	119067	112342	116064	2128
1440	182673	170065	166006	3000
21179	423	436	431	5
263	3311	3518	3824	68
262	121	107	96	4
261	145	154	138	1
267	11754	11175	10864	194
266	4754	5604	5743	149
265	12179	13031	13757	261
264	231	295	354	11
3225	1	2	0	0
2497	40	39	57	2
5159	47498	46260	54408	942
5158	58710	59601	71326	1270
21352	16	44	40	1
21353	48	57	58	1
21354	76	100	117	0
21355	36	29	39	1
21356	35	58	52	1
9264	8	7	5	0
5151	67085	69056	83047	1509
5150	13	14	12	0
9269	21	32	33	2
5152	124620	121480	134462	2521
23214	32	30	45	0
2781	21	30	33	1
2780	31	43	46	1
2783	19	12	28	1
9089	95	148	229	5
9088	161	253	367	9
9087	213	329	474	20
16220	126105	117247	135270	2418
9319	13	32	20	0
9317	45	47	50	0
9316	24	20	20	1
9315	141	142	165	5
23218	153	145	185	3
5089	44111	41612	46728	838
5088	14558	15009	17776	323
5087	70666	71382	86171	1580
3214	508	615	679	14
1987	32	26	34	2
1984	39	56	39	0
1985	38	61	65	2
1982	46	82	86	4
3211	57	60	76	1
1980	7	15	23	0
1981	193	222	292	6
3218	38958	41223	47709	954
3219	27647	30633	36960	736
1988	273	285	259	5
1989	116	137	145	2
21340	2	2	1	0
2815	771	1404	2669	91
2817	252	470	728	21
2816	614	984	1820	43
2819	59	90	128	2
2818	20	32	35	2
3171	988	1285	1558	54
3170	327	298	407	5
3172	46	40	51	3
3174	7	2	6	0
3177	38	45	60	0
3376	1105	940	1176	22
3373	1130	808	1073	17
5420	693	632	617	16
5423	14088	12528	13259	249
5422	22792	21932	24921	505
1366	98	141	146	2
48	27529	30010	39533	697
3196	585	625	605	24
46	40733	39309	44971	802
47	120170	108228	116859	2040
45	4161	3090	2713	56
43	118	84	93	2
40	153214	151976	167825	3059
41	197	179	249	5
1298	2901	2771	3247	71
471	59	93	83	0
1292	105514	100734	117951	2148
1293	7327	6967	8393	159
1290	1037	1140	1384	39
1291	4058	4657	5658	114
1296	25444	26518	32105	597
1297	18572	22661	29090	528
1294	2732	2644	2891	63
1295	2064	2403	3440	75
1361	92	194	282	14
23198	0	2	2	2
23199	76	103	140	0
23194	19	15	11	0
23195	1	1	3	0
23196	3	0	4	0
23197	33	37	72	2
23190	5	17	12	1
23191	8	14	21	0
23193	2462	2391	3567	84
472	327	355	376	5
473	310	348	391	3
1364	64	114	94	0
3194	125802	119973	138645	2466
3193	105927	101645	116284	2145
1363	65066	67347	81303	1512
1360	22	51	49	1
475	87	114	155	2
478	26	26	29	0
479	96	128	162	2
1368	59867	55566	64053	1144
3198	684	713	668	10
